Name,Price,Link
【趣ChillLife】防災救難包43+7豪華升級款(緊急避難包),"1,435",https://www.momoshop.com.tw/goods/GoodsDetail.jsp?i_code=14343449&Area=search&mdiv=403&oid=1_1&cid=index&kw=%E9%98%B2%E7%81%BD%E5%8C%85
【HH】22合1完全款 防災包 地震包 急救包 緊急救難包避難包(戶外淨水過濾器 護目鏡 救生繩 防災收音機),"2,799",https://www.momoshop.com.tw/goods/GoodsDetail.jsp?i_code=14089681&Area=search&mdiv=403&oid=1_2&cid=index&kw=%E9%98%B2%E7%81%BD%E5%8C%85
【金德恩】9合1急救避難包 戰爭包 地震防災包(背包 保暖毯 瑞士刀 收音機 警報器 手電筒 雨衣 手套 哨子),"2,299",https://www.momoshop.com.tw/goods/GoodsDetail.jsp?i_code=8131943&Area=search&mdiv=403&oid=1_3&cid=index&kw=%E9%98%B2%E7%81%BD%E5%8C%85
【趣ChillLife】防災救難包43件組(緊急避難包),"1,087",https://www.momoshop.com.tw/goods/GoodsDetail.jsp?i_code=14343450&Area=search&mdiv=403&oid=1_4&cid=index&kw=%E9%98%B2%E7%81%BD%E5%8C%85
【旭沐選物】22合1豪華版 防災包 避難包 求生包 野外求生工具(求生哨 保暖毯 安全錘 警報器 摺疊水壺),"2,173",https://www.momoshop.com.tw/goods/GoodsDetail.jsp?i_code=14534375&Area=search&mdiv=403&oid=1_5&cid=index&kw=%E9%98%B2%E7%81%BD%E5%8C%85
【CGW】緊急避難防災包 地震 急救包19合1套裝組(避難包 防災包 救護包 急救毯),799,https://www.momoshop.com.tw/goods/GoodsDetail.jsp?i_code=14029738&Area=search&mdiv=403&oid=1_6&cid=index&kw=%E9%98%B2%E7%81%BD%E5%8C%85
【PUSH!】地震防災包 災難發生時必用平時必備 日本最大環保地震防災相關用品牌(地震 避難包 防災包J26),"2,600",https://www.momoshop.com.tw/goods/GoodsDetail.jsp?i_code=9090444&Area=search&mdiv=403&oid=1_7&cid=index&kw=%E9%98%B2%E7%81%BD%E5%8C%85
【CGW】緊急避難包 防災包 登山急救包(求生包 防災包 救護包 急救毯 地震包),"1,099",https://www.momoshop.com.tw/goods/GoodsDetail.jsp?i_code=14143084&Area=search&mdiv=403&oid=1_8&cid=index&kw=%E9%98%B2%E7%81%BD%E5%8C%85
【Evolguard 醫博康】17合1多用途防災包(緊急避難/地震逃生/戶外急難/露營登山),"1,680",https://www.momoshop.com.tw/goods/GoodsDetail.jsp?i_code=13476516&Area=search&mdiv=403&oid=1_9&cid=index&kw=%E9%98%B2%E7%81%BD%E5%8C%85
【旭沐選物】16合1升級版 防災包 避難包 求生包 野外求生工具(求生哨 保暖毯 安全錘 警報器 摺疊水壺),"1,651",https://www.momoshop.com.tw/goods/GoodsDetail.jsp?i_code=14534374&Area=search&mdiv=403&oid=1_10&cid=index&kw=%E9%98%B2%E7%81%BD%E5%8C%85
【PUSH!】地震防災包 災難發生時必用平時必備 日本最大環保地震防災相關用品牌(地震 避難包 防災包J26),"2,600",https://www.momoshop.com.tw/goods/GoodsDetail.jsp?i_code=8589939&Area=search&mdiv=403&oid=1_11&cid=index&kw=%E9%98%B2%E7%81%BD%E5%8C%85
台灣人的防災包 地震避難包 防災包 緊急避難包 地震包 避難包 救難包 急難救助包 求生包 災難包,599起,https://www.momoshop.com.tw/TP/TP0005740/goodsDetail/TP00057400000148
緊急救難避難雙肩應急包 地震防災逃生工具包 緊急救難避難雙肩應急包 地震防災逃生工具包,"3,230起",https://www.momoshop.com.tw/TP/TP0005194/goodsDetail/TP00051940000155
【金德恩】六合一地震防災避難包 戰爭包 地震防災包(背包、警報器、哨子、雨衣、手套、保溫急救毯、瑞士刀),"1,480",https://www.momoshop.com.tw/goods/GoodsDetail.jsp?i_code=8242947&Area=search&mdiv=403&oid=1_12&cid=index&kw=%E9%98%B2%E7%81%BD%E5%8C%85
防災包 避難包 緊急避難包 高顏質美感防災包,930起,https://www.momoshop.com.tw/TP/TP0005678/goodsDetail/TP00056780000121
【中保防災科技】鋰電池防火毯 2x2m(加贈$1980防水收納架乙個),"39,800",https://www.momoshop.com.tw/goods/GoodsDetail.jsp?i_code=14660545&Area=search&mdiv=403&oid=1_13&cid=index&kw=%E9%98%B2%E7%81%BD%E5%8C%85
【正德防火】台製大型滅火毯+緊急逃生防煙面罩2入組(居家防火逃生必備),"3,680",https://www.momoshop.com.tw/goods/GoodsDetail.jsp?i_code=9849313&Area=search&mdiv=403&oid=1_14&cid=index&kw=%E9%98%B2%E7%81%BD%E5%8C%85
【HH】18合1升級款 防災包 地震包 急救包 緊急救難包避難包(戰術筆 多功能鉗 保暖毯 指南針 摺疊水壺),"1,229",https://www.momoshop.com.tw/goods/GoodsDetail.jsp?i_code=14089682&Area=search&mdiv=403&oid=1_15&cid=index&kw=%E9%98%B2%E7%81%BD%E5%8C%85
【防災專家】多功能防災包 避難包 地震包(摺疊鏟 保暖毯 手電筒 護目鏡 雨衣 背心 頭套 手套 繩索 口哨),"2,199",https://www.momoshop.com.tw/goods/GoodsDetail.jsp?i_code=13977852&Area=search&mdiv=403&oid=1_16&cid=index&kw=%E9%98%B2%E7%81%BD%E5%8C%85
【HH】16合1升級款 防災包 地震包 急救包 緊急救難包避難包(護目鏡 救生繩 防災收音機 保暖毯 安全錘),"2,099",https://www.momoshop.com.tw/goods/GoodsDetail.jsp?i_code=13940016&Area=search&mdiv=403&oid=1_17&cid=index&kw=%E9%98%B2%E7%81%BD%E5%8C%85
【防災專家】英國製 電動車防火毯(鋰電池火災 滅火防火逃生 滅火毯 防火布 滅火器 車用 滅火墊),"69,000",https://www.momoshop.com.tw/goods/GoodsDetail.jsp?i_code=14604478&Area=search&mdiv=403&oid=1_18&cid=index&kw=%E9%98%B2%E7%81%BD%E5%8C%85
防災專家監製 兒童用防災組合包 兒童防災包 日本 代購,"5,160",https://www.momoshop.com.tw/TP/TP0007014/goodsDetail/TP00070140001549
【旭沐選物】11合1基礎版 防災包 避難包 求生包 野外求生工具(求生哨 保暖毯 安全錘 警報器 摺疊水壺),"1,216",https://www.momoshop.com.tw/goods/GoodsDetail.jsp?i_code=14534373&Area=search&mdiv=403&oid=1_19&cid=index&kw=%E9%98%B2%E7%81%BD%E5%8C%85
【中保防災科技】電動機車防火毯-附放置架(適用多數機車、重型機車、電動自行車、滑板車、電池模組等),"39,990",https://www.momoshop.com.tw/goods/GoodsDetail.jsp?i_code=13247418&Area=search&mdiv=403&oid=1_20&cid=index&kw=%E9%98%B2%E7%81%BD%E5%8C%85
緊急避難包 防災包 萬用地震防災包(19合1  避難包 急救毯),649,https://www.momoshop.com.tw/TP/TP0000566/goodsDetail/TP00005660000234
【PUSH!】地震防護 防災頭套 帽子七合一求生口哨 日本防災品牌STERLiNG CLUB(防災包 防災頭套   J01),451,https://www.momoshop.com.tw/goods/GoodsDetail.jsp?i_code=5181967&Area=search&mdiv=403&oid=1_21&cid=index&kw=%E9%98%B2%E7%81%BD%E5%8C%85
【IRIS OHYAMA 愛麗思歐雅瑪】防災用品31件套裝 單人防災背包 防災包 BS1-31 日版,"4,890",https://www.momoshop.com.tw/TP/TP0007014/goodsDetail/TP00070140001543
緊急避難包 防災包 登山急救包(求生包 防災包 救護包 急救毯 地震包),"1,099",https://www.momoshop.com.tw/TP/TP0000566/goodsDetail/TP00005660000240
【LUFstyle】防災應急瓶 10合1 防災瓶 避難 求生 緊急應變-焦糖橙 (全中文防災手冊),950,https://www.momoshop.com.tw/TP/TP0002420/goodsDetail/TP00024200000029
【金德恩】8合1急救應急避難包 戰爭包 地震防災包(手套 雨衣 哨子 瑞士刀 保暖毯 警報器 優碘棉片 OK蹦),999,https://www.momoshop.com.tw/goods/GoodsDetail.jsp?i_code=11964972&Area=search&mdiv=403&oid=1_22&cid=index&kw=%E9%98%B2%E7%81%BD%E5%8C%85
